{
  "parent": "minecraft:item/handheld",
  "textures": {
    "layer0": "minecraft:item/large"
  },
"display": {
                "firstperson_righthand": {
            "rotation": [0, -90, 55],
            "translation": [1.13, 4.2, 0.13],
            "scale": [0.68, 0.68, 0.68]
        },
        "firstperson_lefthand": {
            "rotation": [0, 90, -55],
            "translation": [1.13, 3.2, 1.13],
            "scale": [0.68, 0.68, 0.68]
        },
        "thirdperson_righthand": {
            "rotation": [ 270, 90, 140],
            "translation": [ 0, 6, 2 ], 
            "scale": [ 0.8, 0.8, 0.8 ]
        }

    }
}
