{
  "providers": [
    {
      "chars": [
        "ꐑ"
      ],
      "file": "minecraft:font/vip.png",
      "ascent": 7,
      "height": 7,
      "type": "bitmap"
    },
    {
      "chars": [
        "ꐒ"
      ],
      "file": "minecraft:font/vip2.png",
      "ascent": 7,
      "height": 7,
      "type": "bitmap"
    },
    {
      "chars": [
        "ꐓ"
      ],
      "file": "minecraft:font/vip3.png",
      "ascent": 7,
      "height": 7,
      "type": "bitmap"
    },
    {
      "chars": [
        "ꐔ"
      ],
      "file": "minecraft:font/vip4.png",
      "ascent": 7,
      "height": 7,
      "type": "bitmap"
    },
    {
      "chars": [
        "ꐕ"
      ],
      "file": "minecraft:font/vip5.png",
      "ascent": 7,
      "height": 7,
      "type": "bitmap"
    },
    {
      "chars": [
        "ꐖ"
      ],
      "file": "minecraft:font/mod.png",
      "ascent": 7,
      "height": 7,
      "type": "bitmap"
    },
    {
      "chars": [
        "ꐓ"
      ],
      "file": "minecraft:font/mvp.png",
      "ascent": 7,
      "height": 7,
      "type": "bitmap"
    },
    {
      "chars": [
        "ꐘ"
      ],
      "file": "minecraft:font/dev.png",
      "ascent": 7,
      "height": 7,
      "type": "bitmap"
    }
  ]
}